Respondent,Cyclone,Floods,Bushfire,Tsunami,Earthquake,Landslide
50.0,50.0,50.0,50.0,50.0,50.0,50.0
25.5,7.48,8.74,5.42,2.16,2.84,1.58
14.577379737113251,1.182180620890126,0.8033094811148311,1.4440589054636863,1.1131862707873228,0.841766849294642,0.6727949622466641
1.0,5.0,6.0,3.0,1.0,1.0,1.0
13.25,7.0,8.0,4.0,1.0,2.0,1.0
25.5,7.5,9.0,5.0,2.0,3.0,1.0
37.75,8.0,9.0,6.75,3.0,3.0,2.0
50.0,10.0,10.0,8.0,5.0,4.0,3.0
